{"cameraMode":{"drawMode":0,"name":"Shaded","section":"Shading Mode"},"sceneLighting":false,"audioPlay":false,"sceneViewState":{"showFog":true,"showMaterialUpdate":true,"showSkybox":true,"showFlares":true,"showImageEffects":true,"showParticleSystems":true},"in2DMode":false,"pivot":{"x":0.07000000029802323,"y":7.079999923706055,"z":-33.470001220703128},"rotation":{"x":-0.34123000502586367,"y":0.31015533208847048,"z":-0.12043144553899765,"w":-0.879125714302063},"size":22.0,"orthographic":false}