{"cameraMode":{"drawMode":0,"name":"Shaded","section":"Shading Mode"},"sceneLighting":true,"audioPlay":false,"sceneViewState":{"showFog":true,"showMaterialUpdate":true,"showSkybox":true,"showFlares":true,"showImageEffects":true,"showParticleSystems":true},"in2DMode":false,"pivot":{"x":15.284850120544434,"y":2.5890440940856935,"z":-16.31659507751465},"rotation":{"x":0.07655216008424759,"y":-0.0702928826212883,"z":0.005362886004149914,"w":0.9946561455726624},"size":10.0,"orthographic":false}